{
  "IS20250115_171841_9465_61003253": {
    "brightness": 174.6803116438356,
    "contrast_rms": 49.15984805943851,
    "sharpness": 82.741920481094,
    "noise": 1.4825796886582654
  },
  "IS20250115_190348_9148_86297118": {
    "brightness": 130.8419680365297,
    "contrast_rms": 76.7325392412498,
    "sharpness": 116.69788312345442,
    "noise": 1.4825796886582654
  },
  "IS20250115_191316_7227_10120577": {
    "brightness": 127.77649086757991,
    "contrast_rms": 72.30086550835173,
    "sharpness": 101.51437962794768,
    "noise": 1.4825796886582654
  },
  "IS20250116_180218_7445_56958340": {
    "brightness": 116.35366552511415,
    "contrast_rms": 83.57152331144795,
    "sharpness": 89.4367351560174,
    "noise": 1.4825796886582654
  },
  "IS20250218_193552_3393_78829426": {
    "brightness": 175.43420433789953,
    "contrast_rms": 50.17365742340646,
    "sharpness": 175.69812036146033,
    "noise": 1.4825796886582654
  },
  "IS20250218_193621_8940_10081171": {
    "brightness": 166.89680251141553,
    "contrast_rms": 34.428060059440355,
    "sharpness": 236.9231397100756,
    "noise": 1.4825796886582654
  },
  "IS20250221_192657_5718_56712676": {
    "brightness": 142.19973515981735,
    "contrast_rms": 43.95241686564785,
    "sharpness": 373.5171666776705,
    "noise": 2.965159377316531
  },
  "R10": {
    "brightness": 179.28083726518514,
    "contrast_rms": 37.45741495025801,
    "sharpness": 215.13968031677203,
    "noise": 2.965159377316531
  },
  "R4": {
    "brightness": 166.76760892252645,
    "contrast_rms": 31.084898271489706,
    "sharpness": 116.25623703073256,
    "noise": 1.4825796886582654
  },
  "R5": {
    "brightness": 139.6413389270868,
    "contrast_rms": 42.480967481438555,
    "sharpness": 192.42832210571498,
    "noise": 2.965159377316531
  },
  "R6": {
    "brightness": 151.98980934172909,
    "contrast_rms": 35.3136061339841,
    "sharpness": 183.06865016212024,
    "noise": 2.965159377316531
  },
  "R7": {
    "brightness": 150.92034601757493,
    "contrast_rms": 29.83117506530999,
    "sharpness": 337.4750839612365,
    "noise": 2.965159377316531
  },
  "R9": {
    "brightness": 190.0157162620806,
    "contrast_rms": 45.28297165886832,
    "sharpness": 157.6136608216397,
    "noise": 2.965159377316531
  },
  "Reference_Output_Quality": {
    "brightness": 95.9507837028397,
    "contrast_rms": 66.45914685244858,
    "sharpness": 127.62351165859714,
    "noise": 1.4825796886582654
  }
}