{
  "count": 14,
  "static_ssim": 0.7269759632080672,
  "adaptive_ssim": 0.9824602712827695,
  "static_edge": 0.9074682456507412,
  "adaptive_edge": 0.9662541307412761
}